{"window":{"start":"2022-02-15T20:58:00.000Z","end":"2022-02-15T20:59:00.000Z"},"country":"Channel Islands","OPM":1,"total_sale_volume":"10.81","rate_of_return":"0.00"}
{"window":{"start":"2022-02-15T21:34:00.000Z","end":"2022-02-15T21:35:00.000Z"},"country":"United Kingdom","OPM":6,"total_sale_volume":"220.15","rate_of_return":"0.00"}
{"window":{"start":"2022-02-15T21:42:00.000Z","end":"2022-02-15T21:43:00.000Z"},"country":"Belgium","OPM":1,"total_sale_volume":"26.54","rate_of_return":"0.00"}
{"window":{"start":"2022-02-15T21:10:00.000Z","end":"2022-02-15T21:11:00.000Z"},"country":"Italy","OPM":1,"total_sale_volume":"10.50","rate_of_return":"0.00"}
