{"window":{"start":"2022-02-15T20:58:00.000Z","end":"2022-02-15T20:59:00.000Z"},"country":"United Kingdom","OPM":8,"total_sale_volume":"79.77","rate_of_return":"0.12"}
{"window":{"start":"2022-02-15T21:41:00.000Z","end":"2022-02-15T21:42:00.000Z"},"country":"United Kingdom","OPM":16,"total_sale_volume":"634.02","rate_of_return":"0.00"}
{"window":{"start":"2022-02-15T21:39:00.000Z","end":"2022-02-15T21:40:00.000Z"},"country":"United Kingdom","OPM":6,"total_sale_volume":"115.19","rate_of_return":"0.00"}
