{"window":{"start":"2022-02-15T20:57:00.000Z","end":"2022-02-15T20:58:00.000Z"},"country":"United Kingdom","OPM":6,"total_sale_volume":"240.39","rate_of_return":"0.00"}
{"window":{"start":"2022-02-15T21:06:00.000Z","end":"2022-02-15T21:07:00.000Z"},"country":"France","OPM":1,"total_sale_volume":"122.00","rate_of_return":"0.00"}
{"window":{"start":"2022-02-15T22:08:00.000Z","end":"2022-02-15T22:09:00.000Z"},"country":"United Kingdom","OPM":5,"total_sale_volume":"104.32","rate_of_return":"0.20"}
{"window":{"start":"2022-02-15T21:29:00.000Z","end":"2022-02-15T21:30:00.000Z"},"country":"United Kingdom","OPM":11,"total_sale_volume":"363.70","rate_of_return":"0.00"}
