{"window":{"start":"2022-02-15T21:04:00.000Z","end":"2022-02-15T21:05:00.000Z"},"country":"United Kingdom","OPM":10,"total_sale_volume":"586.32","rate_of_return":"0.00"}
{"window":{"start":"2022-02-15T21:35:00.000Z","end":"2022-02-15T21:36:00.000Z"},"country":"United Kingdom","OPM":9,"total_sale_volume":"5,941.94","rate_of_return":"0.00"}
{"window":{"start":"2022-02-15T21:59:00.000Z","end":"2022-02-15T22:00:00.000Z"},"country":"United Kingdom","OPM":13,"total_sale_volume":"700.79","rate_of_return":"0.00"}
