{"window":{"start":"2022-02-15T21:14:00.000Z","end":"2022-02-15T21:15:00.000Z"},"country":"EIRE","OPM":1,"total_sale_volume":"64.13","rate_of_return":"0.00"}
{"window":{"start":"2022-02-15T21:53:00.000Z","end":"2022-02-15T21:54:00.000Z"},"country":"United Kingdom","OPM":5,"total_sale_volume":"236.46","rate_of_return":"0.20"}
{"window":{"start":"2022-02-15T21:49:00.000Z","end":"2022-02-15T21:50:00.000Z"},"country":"United Kingdom","OPM":15,"total_sale_volume":"594.52","rate_of_return":"0.07"}
{"window":{"start":"2022-02-15T22:00:00.000Z","end":"2022-02-15T22:01:00.000Z"},"country":"United Kingdom","OPM":9,"total_sale_volume":"797.53","rate_of_return":"0.00"}
